date,views,likes,comments
2026-06-27T23:12:38Z,5209,387,23
2026-06-28T08:57:30Z,5211,387,23
2026-06-29T11:07:10Z,5213,387,23
2026-06-30T09:43:11Z,5213,387,23
2026-07-01T09:54:58Z,5217,387,23
2026-07-02T09:17:57Z,5219,387,23
2026-07-03T09:23:56Z,5220,387,23
2026-07-04T08:41:57Z,5220,387,23
2026-07-05T08:56:58Z,5222,387,23
2026-07-06T10:43:30Z,5226,387,23
2026-07-07T09:48:19Z,5230,387,23
2026-07-08T08:34:07Z,5232,387,23
2026-07-09T09:46:01Z,5232,387,23
2026-07-10T09:41:06Z,5235,387,23
2026-07-11T08:01:03Z,5236,387,23
2026-07-12T08:22:38Z,5237,387,23
2026-07-13T09:33:37Z,5240,387,23
2026-07-14T08:12:14Z,5245,387,23
2026-07-15T08:19:22Z,5248,387,23
2026-07-16T08:19:04Z,5249,387,23
2026-07-17T08:14:41Z,5252,387,23
2026-07-18T07:56:46Z,5254,387,23
2026-07-19T08:23:57Z,5254,387,23
2026-07-20T09:20:22Z,5255,387,23
2026-07-21T08:33:54Z,5256,387,23
2026-07-22T08:33:44Z,5257,388,23
2026-07-23T08:34:57Z,5261,388,23
2026-07-24T08:31:29Z,5262,388,23
2026-07-25T08:10:18Z,5265,388,23
2026-07-26T08:30:27Z,5265,388,23
2026-07-27T09:57:07Z,5265,388,23
2026-07-28T08:39:18Z,5265,388,23
2026-07-29T08:45:24Z,5266,389,23
2026-07-30T08:32:07Z,5266,389,23
2026-07-31T08:53:50Z,5267,389,23
2026-08-01T08:25:13Z,5269,389,23
2026-08-02T08:28:03Z,5271,389,23
2026-08-03T09:51:48Z,5274,389,23
2026-08-04T08:42:08Z,5278,389,23
2026-08-05T08:40:29Z,5279,389,23
2026-08-06T08:41:27Z,5279,389,23
2026-08-07T07:20:46Z,5280,389,23
2026-08-08T06:58:00Z,5280,389,23
2026-08-09T07:00:56Z,5280,389,23
